product,Level 3,Level 2,Level 1
Tẩy da chết mặt bà già lúa mì,"Tẩy tế bào chết, massage",Chăm sóc cơ thể,Sức khỏe - Làm đẹp
Kim tuyến 18,"Cây, hoa trang trí",Trang trí nhà cửa,Đồ gia dụng
Bàn VIP Poker,"Cây, hoa trang trí",Trang trí nhà cửa,Đồ gia dụng
kem ủ trắng white conc,Kem tươi,Sữa - Sản phẩm từ sữa,Thực phẩm - Đồ uống
Son 3ce kem #taupe,Trang điểm môi,Trang điểm,Sức khỏe - Làm đẹp
Mask 7day,Mặt nạ dưỡng da,Chăm sóc da,Sức khỏe - Làm đẹp
Mặt nạ hàng ngày Lululun Mask,Mặt nạ dưỡng da,Chăm sóc da,Sức khỏe - Làm đẹp
Cá diêu hồng chiên mắm xoài,Thủy - Hải sản,Thực phẩm tươi,Thực phẩm - Đồ uống
Gà chọi(1/2),Áo Nam/Nữ,Thời trang - Phụ kiện không phân biệt giới tính,Thời trang - Phụ kiện
Áo sơ mi EpK sọc kẻ trắng d,Áo Nam/Nữ,Thời trang - Phụ kiện không phân biệt giới tính,Thời trang - Phụ kiện
SƠ MI PSM1679-CAM-S,Áo Nam/Nữ,Thời trang - Phụ kiện không phân biệt giới tính,Thời trang - Phụ kiện
Quả giặt bồ hòn nguyên quả,"Nước giặt, nước xả",Đồ dùng nhà tắm,Đồ gia dụng
Sữa chua dẻo- Dứa,Sữa chua,Sữa - Sản phẩm từ sữa,Thực phẩm - Đồ uống
Sữa Tắm Double Rich Màu Hồn,Dưỡng Thể,Chăm sóc cơ thể,Sức khỏe - Làm đẹp
PALAZZO No1,Rượu vang,Đồ uống có cồn,Thực phẩm - Đồ uống
Qua KM Monte,Rượu vang,Đồ uống có cồn,Thực phẩm - Đồ uống
COSY 320G,Bánh,Bánh kẹo,Thực phẩm - Đồ uống
Honey Silk Skirt,Chân váy,Thời trang nữ,Thời trang - Phụ kiện
ATPL TAY DÀI LOSAN BASIC ĐỎ,Áo sơ mi nữ,Thời trang nữ,Thời trang - Phụ kiện
Mũ lưỡi chai da,Mũ nón Nam/Nữ,Thời trang - Phụ kiện không phân biệt giới tính,Thời trang - Phụ kiện
